DATE,DailyAverageDryBulbTemperature,DailyAverageRelativeHumidity,DailyAverageWetBulbTemperature,DailyAverageWindSpeed,DailyDepartureFromNormalAverageTemperature,DailyMaximumDryBulbTemperature,DailyMinimumDryBulbTemperature,DailyPeakWindSpeed,DailyPrecipitation,DailySnowDepth,DailySnowfall,DailySnowfallWE,IceInches,DailySustainedWindSpeed,DailyWeather,Sunrise,Sunset,DW_FZRA,DW_SN,DW_PL,DW_BR,DW_BLSN,DW_FZDZ,DW_RA,DW_DZ,DW_FG,DW_MIFG,DW_TS,DW_GR,DW_FZFG,DW_HZ
2016-10-01T23:59:00,58,75,53,10.4,-1.8,64,52,32,0.12,,,,,23,RA BR,610,1749,0,0,0,1,0,0,1,0,0,0,0,0,0,0
2016-10-02T23:59:00,56,80,51,4.5,-3.5,60,51,15,0.22,,,,,12,RA BR,611,1747,0,0,0,1,0,0,1,0,0,0,0,0,0,0
2016-10-03T23:59:00,54,73,50,5.1,-5.1,61,47,19,0.01,,,,,15,RA DZ BR,612,1745,0,0,0,1,0,0,1,1,0,0,0,0,0,0
2016-10-04T23:59:00,58,83,54,9.2,-0.8,63,53,31,0.15,,,,,22,RA,614,1743,0,0,0,0,0,0,1,0,0,0,0,0,0,0
2016-10-05T23:59:00,59,83,54,10.8,0.6,63,54,27,0.25,,,,,21,RA BR,615,1741,0,0,0,1,0,0,1,0,0,0,0,0,0,0
2016-10-06T23:59:00,59,79,54,8.2,0.9,62,55,24,0.14,,,,,17,RA,616,1740,0,0,0,0,0,0,1,0,0,0,0,0,0,0
2016-10-07T23:59:00,59,88,56,6.7,1.3,62,55,26,0.25,,,,,21,RA BR,617,1738,0,0,0,1,0,0,1,0,0,0,0,0,0,0
2016-10-08T23:59:00,64,81,59,7.7,6.6,70,57,20,0.11,,,,,15,RA,619,1736,0,0,0,0,0,0,1,0,0,0,0,0,0,0
2016-10-09T23:59:00,57,90,54,7.5,0,62,51,25,0.85,,,,,20,RA BR,620,1734,0,0,0,1,0,0,1,0,0,0,0,0,0,0
2016-10-10T23:59:00,53,80,48,3,-3.7,62,44,12,0,,,,,9,BR,621,1732,0,0,0,1,0,0,0,0,0,0,0,0,0,0
2016-10-11T23:59:00,54,63,47,8.4,-2.3,66,42,25,0,,,,,20,FG BR,623,1730,0,0,0,1,0,0,0,0,1,0,0,0,0,0
2016-10-12T23:59:00,53,62,47,8,-3,65,41,22,0.03,,,,,18,RA,624,1729,0,0,0,0,0,0,1,0,0,0,0,0,0,0
2016-10-13T23:59:00,56,95,52,14.4,0.3,60,51,36,1.99,,,,,28,RA BR,625,1727,0,0,0,1,0,0,1,0,0,0,0,0,0,0
2016-10-14T23:59:00,60,76,54,13,4.6,66,54,40,0.49,,,,,30,TS GR RA BR,627,1725,0,0,0,1,0,0,1,0,0,0,1,1,0,0
2016-10-15T23:59:00,59,84,53,14.9,4,65,53,53,0.51,,,,,40,RA BR,628,1723,0,0,0,1,0,0,1,0,0,0,0,0,0,0
2016-10-16T23:59:00,56,78,51,11.5,1.3,60,52,25,0.25,,,,,18,RA,629,1721,0,0,0,0,0,0,1,0,0,0,0,0,0,0
2016-10-17T23:59:00,56,84,51,12.6,1.6,61,50,29,0.44,,,,,24,TS RA BR,631,1720,0,0,0,1,0,0,1,0,0,0,1,0,0,0
2016-10-18T23:59:00,54,84,51,5.4,-0.1,59,48,16,0.05,,,,,12,RA,632,1718,0,0,0,0,0,0,1,0,0,0,0,0,0,0
2016-10-19T23:59:00,53,81,51,8.2,-0.8,61,45,18,0.23,,,,,15,RA,633,1716,0,0,0,0,0,0,1,0,0,0,0,0,0,0
2016-10-20T23:59:00,58,89,55,6.2,4.5,63,53,24,0.26,,,,,20,RA BR,635,1715,0,0,0,1,0,0,1,0,0,0,0,0,0,0
2016-10-21T23:59:00,58,84,53,4,4.8,63,52,25,0.48,,,,,21,RA BR,636,1713,0,0,0,1,0,0,1,0,0,0,0,0,0,0
2016-10-22T23:59:00,57,78,52,7,4.1,64,50,18,0.04,,,,,15,RA,637,1711,0,0,0,0,0,0,1,0,0,0,0,0,0,0
2016-10-23T23:59:00,58,81,53,5.7,5.4,63,52,17,0.07,,,,,14,RA,639,1710,0,0,0,0,0,0,1,0,0,0,0,0,0,0
2016-10-24T23:59:00,56,74,51,11.6,3.6,62,49,27,0.07,,,,,22,RA,640,1708,0,0,0,0,0,0,1,0,0,0,0,0,0,0
2016-10-25T23:59:00,56,80,52,5.6,3.9,63,49,18,T,,,,,14,RA DZ,642,1707,0,0,0,0,0,0,1,1,0,0,0,0,0,0
2016-10-26T23:59:00,59,90,55,8.8,7.2,63,54,22,0.67,,,,,18,RA BR,643,1705,0,0,0,1,0,0,1,0,0,0,0,0,0,0
2016-10-27T23:59:00,56,86,52,7.9,4.4,59,53,19,0.16,,,,,15,RA,644,1703,0,0,0,0,0,0,1,0,0,0,0,0,0,0
2016-10-28T23:59:00,59,70,53,10.5,7.7,66,52,22,0.01,,,,,18,DZ,646,1702,0,0,0,0,0,0,0,1,0,0,0,0,0,0
2016-10-29T23:59:00,56,78,52,8.3,4.9,61,50,22,0.16,,,,,18,RA,647,1700,0,0,0,0,0,0,1,0,0,0,0,0,0,0
2016-10-30T23:59:00,51,88,50,6.9,0.2,56,46,29,0.11,,,,,22,RA,649,1659,0,0,0,0,0,0,1,0,0,0,0,0,0,0
2016-10-31T23:59:00,54,85,52,9.4,3.4,56,52,34,0.19,,,,,24,RA BR,650,1657,0,0,0,1,0,0,1,0,0,0,0,0,0,0
2016-11-01T23:59:00,56,75,51,9.6,5.7,61,50,24,T,,,,,18,RA,651,1656,0,0,0,0,0,0,1,0,0,0,0,0,0,0
2016-11-02T23:59:00,59,72,52,8.9,8.9,66,52,21,0.05,,,,,17,RA,653,1655,0,0,0,0,0,0,1,0,0,0,0,0,0,0
2016-11-03T23:59:00,56,82,52,3.1,6.2,64,47,12,0,,,,,12,MIFG FG,654,1653,0,0,0,0,0,0,0,0,1,1,0,0,0,0
2016-11-04T23:59:00,57,71,52,8.7,7.4,69,45,25,0,,,,,20,MIFG BR FG,656,1652,0,0,0,1,0,0,0,0,1,1,0,0,0,0
2016-11-05T23:59:00,56,87,53,10,6.7,58,53,25,1.06,,,,,21,RA BR,657,1651,0,0,0,1,0,0,1,0,0,0,0,0,0,0
2016-11-06T23:59:00,57,78,52,8.2,7.9,62,51,19,T,,,,,16,,658,1649,0,0,0,0,0,0,0,0,0,0,0,0,0,0
2016-11-07T23:59:00,58,70,52,8,9.2,63,53,23,0,,,,,18,,700,1648,0,0,0,0,0,0,0,0,0,0,0,0,0,0
2016-11-08T23:59:00,57,73,52,6.8,8.4,68,46,23,0,,,,,20,,701,1647,0,0,0,0,0,0,0,0,0,0,0,0,0,0
2016-11-09T23:59:00,59,89,54,5.5,10.7,66,52,16,0.06,,,,,14,RA FG BR,703,1646,0,0,0,1,0,0,1,0,1,0,0,0,0,0
2016-11-10T23:59:00,57,78,53,6.4,8.9,68,46,22,0,,,,,17,FG MIFG BR,704,1644,0,0,0,1,0,0,0,0,1,1,0,0,0,0
2016-11-11T23:59:00,57,79,54,4.2,9.1,63,51,18,T,,,,,15,RA,705,1643,0,0,0,0,0,0,1,0,0,0,0,0,0,0
2016-11-12T23:59:00,57,76,53,9.7,9.4,64,49,30,0.07,,,,,23,RA,707,1642,0,0,0,0,0,0,1,0,0,0,0,0,0,0
2016-11-13T23:59:00,53,85,51,7.7,5.7,57,49,34,0.09,,,,,25,RA,708,1641,0,0,0,0,0,0,1,0,0,0,0,0,0,0
2016-11-14T23:59:00,55,93,53,10.3,7.9,56,54,27,1.03,,,,,20,RA DZ BR,710,1640,0,0,0,1,0,0,1,1,0,0,0,0,0,0
2016-11-15T23:59:00,53,81,50,10.1,6.2,60,46,31,0.1,,,,,22,RA,711,1639,0,0,0,0,0,0,1,0,0,0,0,0,0,0
2016-11-16T23:59:00,47,82,44,5.6,0.4,51,42,17,0.05,,,,,13,RA,712,1638,0,0,0,0,0,0,1,0,0,0,0,0,0,0
2016-11-17T23:59:00,47,81,44,4.2,0.7,54,39,13,0.02,,,,,9,BR,714,1637,0,0,0,1,0,0,0,0,0,0,0,0,0,0
2016-11-18T23:59:00,46,60,42,17.3,0,52,39,38,0,,,,,30,BR,715,1636,0,0,0,1,0,0,0,0,0,0,0,0,0,0
2016-11-19T23:59:00,50,72,45,13.3,4.2,55,45,30,0.11,,,,,23,RA,716,1635,0,0,0,0,0,0,1,0,0,0,0,0,0,0
2016-11-20T23:59:00,52,83,48,10.7,6.5,55,48,26,0.15,,,,,21,RA,718,1634,0,0,0,0,0,0,1,0,0,0,0,0,0,0
2016-11-21T23:59:00,51,79,47,6.8,5.8,57,44,17,T,,,,,14,RA DZ,719,1634,0,0,0,0,0,0,1,1,0,0,0,0,0,0
2016-11-22T23:59:00,49,80,45,12.8,4,53,44,25,0.6,,,,,21,RA BR,720,1633,0,0,0,1,0,0,1,0,0,0,0,0,0,0
2016-11-23T23:59:00,48,81,45,12.2,3.3,51,44,30,0.27,,,,,22,RA,722,1632,0,0,0,0,0,0,1,0,0,0,0,0,0,0
2016-11-24T23:59:00,51,80,47,12.6,6.6,54,47,41,1.86,,,,,28,RA BR,723,1631,0,0,0,1,0,0,1,0,0,0,0,0,0,0
2016-11-25T23:59:00,49,86,47,9.4,4.8,51,46,24,0.33,,,,,17,RA DZ BR,724,1631,0,0,0,1,0,0,1,1,0,0,0,0,0,0
2016-11-26T23:59:00,50,78,46,8.6,6.1,56,44,27,0.46,,,,,21,RA BR,726,1630,0,0,0,1,0,0,1,0,0,0,0,0,0,0
2016-11-27T23:59:00,47,85,44,9.5,3.4,49,44,28,0.23,,,,,20,RA BR,727,1630,0,0,0,1,0,0,1,0,0,0,0,0,0,0
2016-11-28T23:59:00,48,83,45,5.9,4.6,53,43,23,0.07,,,,,20,RA,728,1629,0,0,0,0,0,0,1,0,0,0,0,0,0,0
2016-11-29T23:59:00,48,84,45,6.1,4.9,52,43,17,0.1,,,,,14,RA BR,729,1629,0,0,0,1,0,0,1,0,0,0,0,0,0,0
2016-11-30T23:59:00,47,,,7.3,4.1,51,42,19,0.12,,,,,15,RA,730,1628,0,0,0,0,0,0,1,0,0,0,0,0,0,0
2016-12-01T23:59:00,43,85,43,4.8,0.4,47,39,10,0.02,,,,,9,RA,731,1628,0,0,0,0,0,0,1,0,0,0,0,0,0,0
2016-12-02T23:59:00,46,86,44,5.7,3.6,48,44,19,0.08,,,,,14,RA BR,733,1628,0,0,0,1,0,0,1,0,0,0,0,0,0,0
2016-12-03T23:59:00,47,85,46,5.5,4.9,52,42,21,0.14,,,,,16,RA,734,1627,0,0,0,0,0,0,1,0,0,0,0,0,0,0
2016-12-04T23:59:00,41,80,41,6.2,-0.9,48,34,22,0.54,,,,,17,RA BR,735,1627,0,0,0,1,0,0,1,0,0,0,0,0,0,0
2016-12-05T23:59:00,37,88,36,7,-4.7,39,35,23,0.25,,,,,20,RA SN,736,1627,0,1,0,0,0,0,1,0,0,0,0,0,0,0
2016-12-06T23:59:00,37,80,35,3.7,-4.5,45,29,16,T,,,,,13,RA,737,1627,0,0,0,0,0,0,1,0,0,0,0,0,0,0
2016-12-07T23:59:00,34,67,30,15,-7.3,40,27,41,0,,,,,33,BR,738,1627,0,0,0,1,0,0,0,0,0,0,0,0,0,0
2016-12-08T23:59:00,32,66,28,26.1,-9.1,34,30,49,0.15,,,,,38,FZRA SN FZFG BR RA FG,739,1627,1,1,0,1,0,0,1,0,1,0,0,0,1,0
2016-12-09T23:59:00,33,88,31,12.8,-7.9,33,32,26,0.7,,0.73,0.06,0.01,23,RA FZRA BR,740,1627,1,0,0,1,0,0,1,0,0,0,0,0,0,0
2016-12-10T23:59:00,38,91,36,8.3,-2.7,44,32,24,0.24,,,,0.01,20,RA BR,741,1627,0,0,0,1,0,0,1,0,0,0,0,0,0,0
2016-12-11T23:59:00,44,85,42,7.1,3.5,47,41,24,0.41,,,,,17,RA BR,742,1627,0,0,0,1,0,0,1,0,0,0,0,0,0,0
2016-12-12T23:59:00,43,87,40,4.4,2.6,47,38,14,0.02,,,,,12,RA MIFG FG,742,1627,0,0,0,0,0,0,1,0,1,1,0,0,0,0
2016-12-13T23:59:00,38,78,35,7.7,-2.2,41,34,30,0,,,,,23,BR,743,1627,0,0,0,1,0,0,0,0,0,0,0,0,0,0
2016-12-14T23:59:00,31,58,27,23.1,-9.1,35,27,42,0.05,,1.58,0.13,,33,SN,744,1627,0,1,0,0,0,0,0,0,0,0,0,0,0,0
2016-12-15T23:59:00,29,73,28,4.6,-11,33,25,19,0.01,,,,0.1,16,SN,745,1627,0,1,0,0,0,0,0,0,0,0,0,0,0,0
2016-12-16T23:59:00,32,80,29,4.8,-7.9,38,25,18,0,,,,0.45,15,BR,745,1628,0,0,0,1,0,0,0,0,0,0,0,0,0,0
2016-12-17T23:59:00,31,76,29,5.9,-8.8,35,27,17,T,,,,,15,SN BR,746,1628,0,1,0,1,0,0,0,0,0,0,0,0,0,0
2016-12-18T23:59:00,33,81,30,4.9,-6.7,38,27,17,0,,,,,14,BR,747,1628,0,0,0,1,0,0,0,0,0,0,0,0,0,0
2016-12-19T23:59:00,39,88,38,9.3,-0.7,48,30,23,0.84,,0.12,0.01,,17,RA SN PL BR,747,1629,0,1,1,1,0,0,1,0,0,0,0,0,0,0
2016-12-20T23:59:00,44,78,43,7.8,4.4,52,35,31,0.47,,,,,22,RA BR,748,1629,0,0,0,1,0,0,1,0,0,0,0,0,0,0
2016-12-21T23:59:00,34,96,33,2.8,-5.6,38,30,12,0,,,,,10,FG FZFG BR,748,1630,0,0,0,1,0,0,0,0,1,0,0,0,1,0
2016-12-22T23:59:00,38,86,34,2.9,-1.6,46,30,14,0.02,,,,,12,RA BR,749,1630,0,0,0,1,0,0,1,0,0,0,0,0,0,0
2016-12-23T23:59:00,39,90,38,6,-0.6,45,32,24,0.19,,,,,20,RA BR,749,1631,0,0,0,1,0,0,1,0,0,0,0,0,0,0
2016-12-24T23:59:00,34,95,34,2.2,-5.6,41,27,10,T,,,,,8,FG FZFG BR,750,1632,0,0,0,1,0,0,0,0,1,0,0,0,1,0
2016-12-25T23:59:00,38,84,36,4.2,-1.6,44,32,14,0,,,,,12,BR,750,1632,0,0,0,1,0,0,0,0,0,0,0,0,0,0
2016-12-26T23:59:00,34,86,33,6,-5.6,40,27,22,0.21,,,,,16,RA,750,1633,0,0,0,0,0,0,1,0,0,0,0,0,0,0
2016-12-27T23:59:00,42,84,40,6.2,2.4,47,36,36,0.11,,,,,26,RA DZ BR,750,1634,0,0,0,1,0,0,1,1,0,0,0,0,0,0
2016-12-28T23:59:00,39,95,38,3.5,-0.7,42,35,14,T,,,,,12,FG MIFG BR,751,1635,0,0,0,1,0,0,0,0,1,1,0,0,0,0
2016-12-29T23:59:00,38,91,37,5.5,-1.7,42,33,21,0.06,,,,,17,RA FG BR,751,1635,0,0,0,1,0,0,1,0,1,0,0,0,0,0
2016-12-30T23:59:00,38,90,37,2.3,-1.8,44,31,15,0.01,,,,,13,RA BR,751,1636,0,0,0,1,0,0,1,0,0,0,0,0,0,0
2016-12-31T23:59:00,35,89,33,5.3,-4.9,37,32,18,0.09,,,,,15,RA SN BR,751,1637,0,1,0,1,0,0,1,0,0,0,0,0,0,0
2017-01-01T23:59:00,36,87,34,7.8,-3.9,40,32,22,0.05,,0.77,0.06,,17,RA SN,751,1637,0,1,0,0,0,0,1,0,0,0,0,0,0,0
2017-01-02T23:59:00,32,58,28,19.4,-8,35,29,36,0,,,,,28,,751,1638,0,0,0,0,0,0,0,0,0,0,0,0,0,0
2017-01-03T23:59:00,31,50,24,23.1,-9.1,34,27,45,0,,,,,35,,751,1639,0,0,0,0,0,0,0,0,0,0,0,0,0,0
2017-01-04T23:59:00,30,37,23,21.2,-10.2,33,27,48,0,,,,,33,,751,1640,0,0,0,0,0,0,0,0,0,0,0,0,0,0
2017-01-05T23:59:00,26,56,22,7.1,-14.3,35,17,18,0,,,,,15,,751,1641,0,0,0,0,0,0,0,0,0,0,0,0,0,0
2017-01-06T23:59:00,26,60,21,12.7,-14.4,34,17,24,0,,,,,20,,751,1642,0,0,0,0,0,0,0,0,0,0,0,0,0,0
2017-01-07T23:59:00,27,65,24,17.6,-13.5,30,24,44,0.02,,,,0.35,36,FZRA SN BR,751,1644,1,1,0,1,0,0,0,0,0,0,0,0,0,0
2017-01-08T23:59:00,31,86,30,15.2,-9.6,34,28,42,0.53,,0.53,0.04,0.1,32,RA FZRA BR,750,1645,1,0,0,1,0,0,1,0,0,0,0,0,0,0
2017-01-09T23:59:00,36,94,34,9.8,-4.7,41,30,23,0.28,,,,0.01,17,RA FZRA SN BR,750,1646,1,1,0,1,0,0,1,0,0,0,0,0,0,0
2017-01-10T23:59:00,35,89,34,13.3,-5.9,38,31,35,0.65,,,,,28,RA SN BR,750,1647,0,1,0,1,0,0,1,0,0,0,0,0,0,0
2017-01-11T23:59:00,29,79,27,12.2,-12,32,26,29,0.07,,10.64,0.89,,24,SN,749,1648,0,1,0,0,0,0,0,0,0,0,0,0,0,0
2017-01-12T23:59:00,26,74,23,5,-15.1,33,18,15,0,,1.33,0.11,,13,,749,1649,0,0,0,0,0,0,0,0,0,0,0,0,0,0
2017-01-13T23:59:00,20,77,20,6.8,-21.2,29,11,21,0,,,,,17,MIFG BR FG,748,1651,0,0,0,1,0,0,0,0,1,1,0,0,0,0
2017-01-14T23:59:00,24,67,21,14.2,-17.3,29,19,29,0,,,,,23,,748,1652,0,0,0,0,0,0,0,0,0,0,0,0,0,0
2017-01-15T23:59:00,24,68,21,10.9,-17.4,28,19,25,0,,,,,23,,747,1653,0,0,0,0,0,0,0,0,0,0,0,0,0,0
2017-01-16T23:59:00,26,65,22,14.2,-15.5,29,22,26,0,,,,0.35,22,,747,1654,0,0,0,0,0,0,0,0,0,0,0,0,0,0
2017-01-17T23:59:00,29,78,27,18.2,-12.6,34,24,36,0.7,,,,0.15,32,RA FZRA BR SN,746,1656,1,1,0,1,0,0,1,0,0,0,0,0,0,0
2017-01-18T23:59:00,40,97,36,15,-1.7,47,33,35,1.06,,,,,30,RA BR,745,1657,0,0,0,1,0,0,1,0,0,0,0,0,0,0
2017-01-19T23:59:00,44,84,39,11.9,2.2,52,35,28,T,,,,,23,,745,1658,0,0,0,0,0,0,0,0,0,0,0,0,0,0
2017-01-20T23:59:00,40,86,38,11.4,-1.9,42,37,23,0.26,,,,,20,RA BR,744,1700,0,0,0,1,0,0,1,0,0,0,0,0,0,0
2017-01-21T23:59:00,42,90,39,11.6,0.1,47,36,25,0.33,,,,,22,RA BR,743,1701,0,0,0,1,0,0,1,0,0,0,0,0,0,0
2017-01-22T23:59:00,41,84,39,9.9,-1,46,36,26,0.15,,,,,23,RA BR,742,1703,0,0,0,1,0,0,1,0,0,0,0,0,0,0
2017-01-23T23:59:00,41,82,37,5.8,-1.1,50,32,18,T,,,,,15,,741,1704,0,0,0,0,0,0,0,0,0,0,0,0,0,0
2017-01-24T23:59:00,34,92,33,2.7,-8.2,41,26,10,T,,,,,8,RA FG BR,740,1705,0,0,0,1,0,0,1,0,1,0,0,0,0,0
2017-01-25T23:59:00,40,92,38,2.7,-2.2,45,35,10,0.01,,,,,9,RA DZ BR,740,1707,0,0,0,1,0,0,1,1,0,0,0,0,0,0
2017-01-26T23:59:00,42,89,40,4.2,-0.3,48,35,11,T,,,,,10,RA DZ BR,739,1708,0,0,0,1,0,0,1,1,0,0,0,0,0,0
2017-01-27T23:59:00,39,80,35,6.7,-3.4,48,29,20,0,,,,,16,FG FZFG BR,738,1710,0,0,0,1,0,0,0,0,1,0,0,0,1,0
2017-01-28T23:59:00,38,72,34,8,-4.4,44,31,20,0,,,,,17,,737,1711,0,0,0,0,0,0,0,0,0,0,0,0,0,0
2017-01-29T23:59:00,40,75,36,7.5,-2.5,46,33,21,0.01,,,,,17,RA DZ BR,735,1713,0,0,0,1,0,0,1,1,0,0,0,0,0,0
2017-01-30T23:59:00,40,86,38,4,-2.6,44,35,13,0,,,,,12,BR,734,1714,0,0,0,1,0,0,0,0,0,0,0,0,0,0
2017-01-31T23:59:00,37,79,35,7.9,-5.6,41,33,21,0.01,,,,,16,RA DZ,733,1715,0,0,0,0,0,0,1,1,0,0,0,0,0,0
2017-02-01T23:59:00,38,39,29,27.9,-4.7,41,35,50,0,,,,,38,,732,1717,0,0,0,0,0,0,0,0,0,0,0,0,0,0
2017-02-02T23:59:00,36,39,28,29.5,-6.7,39,32,51,T,,,,,40,,731,1718,0,0,0,0,0,0,0,0,0,0,0,0,0,0
2017-02-03T23:59:00,33,83,30,14.5,-9.8,34,31,30,0.55,,,,,24,RA FZRA PL BR,730,1720,1,0,1,1,0,0,1,0,0,0,0,0,0,0
2017-02-04T23:59:00,43,94,41,13.6,0.2,52,33,26,0.59,,,,,21,RA BR,728,1721,0,0,0,1,0,0,1,0,0,0,0,0,0,0
2017-02-05T23:59:00,40,95,37,5.5,-2.9,46,34,21,2.19,,,,,16,RA BR,727,1723,0,0,0,1,0,0,1,0,0,0,0,0,0,0
2017-02-06T23:59:00,39,87,37,8.1,-4,44,33,28,0.04,,,,,22,RA BR,726,1724,0,0,0,1,0,0,1,0,0,0,0,0,0,0
2017-02-07T23:59:00,36,91,35,6,-7,39,32,15,0.08,,,,,14,RA DZ SN FG BR,724,1726,0,1,0,1,0,0,1,1,1,0,0,0,0,0
2017-02-08T23:59:00,36,96,36,12.6,-7.1,37,35,31,1.01,,,,,26,RA DZ BR,723,1727,0,0,0,1,0,0,1,1,0,0,0,0,0,0
2017-02-09T23:59:00,48,87,45,14.8,4.8,59,37,35,0.96,,,,,26,TS RA BR,722,1729,0,0,0,1,0,0,1,0,0,0,1,0,0,0
2017-02-10T23:59:00,44,78,42,9.5,0.8,51,36,29,0.09,,,,,22,RA,720,1730,0,0,0,0,0,0,1,0,0,0,0,0,0,0
2017-02-11T23:59:00,44,77,39,1.5,0.7,53,35,8,T,,,,,7,,719,1732,0,0,0,0,0,0,0,0,0,0,0,0,0,0
2017-02-12T23:59:00,41,79,36,3.4,-2.4,51,31,13,0,,,,,10,FG BR,717,1733,0,0,0,1,0,0,0,0,1,0,0,0,0,0
2017-02-13T23:59:00,41,65,36,10,-2.5,53,29,25,0,,,,,21,BR,716,1734,0,0,0,1,0,0,0,0,0,0,0,0,0,0
2017-02-14T23:59:00,42,60,37,10.8,-1.6,50,33,33,0.01,,,,,28,RA,714,1736,0,0,0,0,0,0,1,0,0,0,0,0,0,0
2017-02-15T23:59:00,41,92,40,17.2,-2.7,43,38,32,0.98,,,,,25,RA BR,713,1737,0,0,0,1,0,0,1,0,0,0,0,0,0,0
2017-02-16T23:59:00,45,99,45,10.1,1.2,49,41,30,1.7,,,,,22,RA BR,711,1739,0,0,0,1,0,0,1,0,0,0,0,0,0,0
2017-02-17T23:59:00,49,81,44,3.5,5.1,57,40,16,T,,,,,13,RA BR,710,1740,0,0,0,1,0,0,1,0,0,0,0,0,0,0
2017-02-18T23:59:00,43,91,42,6,-1,46,40,16,0.25,,,,,13,RA BR,708,1742,0,0,0,1,0,0,1,0,0,0,0,0,0,0
2017-02-19T23:59:00,46,85,42,10.5,1.9,51,40,38,0.27,,,,,24,RA,706,1743,0,0,0,0,0,0,1,0,0,0,0,0,0,0
2017-02-20T23:59:00,45,92,43,6.5,0.7,50,40,23,0.81,,,,,18,RA BR,705,1745,0,0,0,1,0,0,1,0,0,0,0,0,0,0
2017-02-21T23:59:00,42,93,42,3.7,-2.4,48,36,21,0.52,,,,,17,RA BR,703,1746,0,0,0,1,0,0,1,0,0,0,0,0,0,0
2017-02-22T23:59:00,38,91,36,2.4,-6.5,45,31,16,T,,,,,13,FG FZFG BR,701,1747,0,0,0,1,0,0,0,0,1,0,0,0,1,0
2017-02-23T23:59:00,38,84,35,3.6,-6.7,44,32,13,T,,,,,10,RA SN BR HZ,700,1749,0,1,0,1,0,0,1,0,0,0,0,0,0,1
2017-02-24T23:59:00,37,86,36,6.1,-7.8,41,32,17,0.07,,,,,14,RA DZ BR,658,1750,0,0,0,1,0,0,1,1,0,0,0,0,0,0
2017-02-25T23:59:00,40,79,36,3,-5,48,31,11,0.05,,,,,9,RA BR,656,1752,0,0,0,1,0,0,1,0,0,0,0,0,0,0
2017-02-26T23:59:00,39,86,37,8.8,-6.2,43,35,23,0.14,,,,,17,RA SN,655,1753,0,1,0,0,0,0,1,0,0,0,0,0,0,0
2017-02-27T23:59:00,41,85,38,7.7,-4.3,45,36,23,0.03,,,,,18,RA DZ,653,1754,0,0,0,0,0,0,1,1,0,0,0,0,0,0
2017-02-28T23:59:00,43,76,39,5.3,-2.5,50,36,20,0.02,,,,,15,DZ,651,1756,0,0,0,0,0,0,0,1,0,0,0,0,0,0
2017-03-01T23:59:00,46,76,43,9.6,0.4,51,40,21,T,,,,,17,RA,649,1757,0,0,0,0,0,0,1,0,0,0,0,0,0,0
2017-03-02T23:59:00,44,80,41,8.8,-1.7,51,36,20,0.06,,,,,17,RA,647,1759,0,0,0,0,0,0,1,0,0,0,0,0,0,0
2017-03-03T23:59:00,48,73,44,12.7,2.2,53,43,32,0.11,,,,,24,RA BR,646,1800,0,0,0,1,0,0,1,0,0,0,0,0,0,0
2017-03-04T23:59:00,41,85,39,7.6,-5,47,35,27,0.14,,,,,23,RA BR,644,1801,0,0,0,1,0,0,1,0,0,0,0,0,0,0
2017-03-05T23:59:00,42,76,37,14.2,-4.2,47,36,35,0.09,,,,,26,RA BR,642,1803,0,0,0,1,0,0,1,0,0,0,0,0,0,0
2017-03-06T23:59:00,40,83,37,11.1,-6.4,46,34,26,0.11,,,,,21,TS RA SN BR,640,1804,0,1,0,1,0,0,1,0,0,0,1,0,0,0
2017-03-07T23:59:00,45,90,42,11.3,-1.5,50,40,26,0.49,,,,,20,RA BR,638,1805,0,0,0,1,0,0,1,0,0,0,0,0,0,0
2017-03-08T23:59:00,44,91,42,2.9,-2.7,47,41,11,0.43,,,,,8,RA BR,636,1807,0,0,0,1,0,0,1,0,0,0,0,0,0,0
2017-03-09T23:59:00,50,91,47,7.3,3.1,58,41,31,0.53,,,,,23,RA DZ BR,635,1808,0,0,0,1,0,0,1,1,0,0,0,0,0,0
2017-03-10T23:59:00,52,69,48,8.4,4.9,60,44,29,T,,,,,23,,633,1810,0,0,0,0,0,0,0,0,0,0,0,0,0,0
2017-03-11T23:59:00,49,83,46,8,1.7,58,39,26,0.3,,,,,21,RA BR,631,1811,0,0,0,1,0,0,1,0,0,0,0,0,0,0
2017-03-12T23:59:00,54,74,49,6.4,6.6,61,46,18,0,,,,,15,,629,1812,0,0,0,0,0,0,0,0,0,0,0,0,0,0
2017-03-13T23:59:00,50,90,48,8.7,2.4,53,47,24,0.73,,,,,21,RA BR,627,1814,0,0,0,1,0,0,1,0,0,0,0,0,0,0
2017-03-14T23:59:00,53,93,51,10.7,5.2,57,49,26,0.62,,,,,22,RA BR,625,1815,0,0,0,1,0,0,1,0,0,0,0,0,0,0
2017-03-15T23:59:00,51,84,49,12.8,3,57,45,40,0.51,,,,,31,RA,623,1816,0,0,0,0,0,0,1,0,0,0,0,0,0,0
2017-03-16T23:59:00,46,66,41,3.9,-2.1,55,37,13,0,,,,,10,,621,1818,0,0,0,0,0,0,0,0,0,0,0,0,0,0
2017-03-17T23:59:00,43,87,42,8.2,-5.3,48,37,29,0.35,,,,,24,RA BR,620,1819,0,0,0,1,0,0,1,0,0,0,0,0,0,0
2017-03-18T23:59:00,46,80,44,8.2,-2.4,55,36,27,0.36,,,,,21,RA BR,618,1820,0,0,0,1,0,0,1,0,0,0,0,0,0,0
2017-03-19T23:59:00,45,67,39,4.1,-3.6,57,32,16,0,,,,,13,,616,1822,0,0,0,0,0,0,0,0,0,0,0,0,0,0
2017-03-20T23:59:00,47,62,42,11.5,-1.7,55,38,32,0.11,,,,,25,RA,614,1823,0,0,0,0,0,0,1,0,0,0,0,0,0,0
2017-03-21T23:59:00,51,81,45,12.8,2.1,57,44,35,0.23,,,,,30,TS RA BR,612,1824,0,0,0,1,0,0,1,0,0,0,1,0,0,0
2017-03-22T23:59:00,49,72,45,10.2,0,55,42,28,0.08,,,,,22,RA,610,1826,0,0,0,0,0,0,1,0,0,0,0,0,0,0
2017-03-23T23:59:00,50,72,44,9,0.8,58,41,21,0.32,,,,,16,RA BR,608,1827,0,0,0,1,0,0,1,0,0,0,0,0,0,0
2017-03-24T23:59:00,50,88,47,10.8,0.7,53,46,25,0.77,,,,,20,RA BR,606,1828,0,0,0,1,0,0,1,0,0,0,0,0,0,0
2017-03-25T23:59:00,48,77,44,6.5,-1.4,55,41,18,T,,,,,14,,604,1829,0,0,0,0,0,0,0,0,0,0,0,0,0,0
2017-03-26T23:59:00,47,93,45,9.1,-2.5,50,44,23,0.66,,,,,18,RA BR,602,1831,0,0,0,1,0,0,1,0,0,0,0,0,0,0
2017-03-27T23:59:00,50,75,46,9.8,0.3,55,45,27,0.01,,,,,22,RA DZ,600,1832,0,0,0,0,0,0,1,1,0,0,0,0,0,0
2017-03-28T23:59:00,53,67,46,9.2,3.2,59,46,27,0.06,,,,,20,RA,559,1833,0,0,0,0,0,0,1,0,0,0,0,0,0,0
2017-03-29T23:59:00,52,80,48,10.4,2.1,58,46,28,0.19,,,,,22,RA DZ BR,557,1835,0,0,0,1,0,0,1,1,0,0,0,0,0,0
2017-03-30T23:59:00,50,69,44,9,0,57,43,22,T,,,,,18,RA,555,1836,0,0,0,0,0,0,1,0,0,0,0,0,0,0
2017-03-31T23:59:00,49,70,44,3.3,-1.1,58,39,13,0,,,,,12,,553,1837,0,0,0,0,0,0,0,0,0,0,0,0,0,0
2017-04-01T23:59:00,52,80,47,5.5,1.8,58,46,19,0.05,,,,,15,RA BR,551,1839,0,0,0,1,0,0,1,0,0,0,0,0,0,0
2017-04-02T23:59:00,48,63,42,6.5,-2.3,56,40,24,T,,,,,20,,549,1840,0,0,0,0,0,0,0,0,0,0,0,0,0,0
2017-04-03T23:59:00,46,63,41,4.3,-4.4,57,35,13,0,,,,,12,,547,1841,0,0,0,0,0,0,0,0,0,0,0,0,0,0
2017-04-04T23:59:00,52,61,45,8.7,1.5,60,44,25,0.01,,,,,20,RA,545,1842,0,0,0,0,0,0,1,0,0,0,0,0,0,0
2017-04-05T23:59:00,55,67,47,8.7,4.4,63,47,23,0,,,,,20,,543,1844,0,0,0,0,0,0,0,0,0,0,0,0,0,0
2017-04-06T23:59:00,55,80,50,5.8,4.2,62,48,21,0.59,,,,,15,RA BR,542,1845,0,0,0,1,0,0,1,0,0,0,0,0,0,0
2017-04-07T23:59:00,51,72,47,17.3,0.1,57,45,56,0.1,,,,,44,RA,540,1846,0,0,0,0,0,0,1,0,0,0,0,0,0,0
2017-04-08T23:59:00,46,71,42,8.8,-5,53,39,32,0.04,,,,,25,RA,538,1848,0,0,0,0,0,0,1,0,0,0,0,0,0,0
2017-04-09T23:59:00,48,68,43,9.5,-3.1,57,38,26,0.06,,,,,22,RA,536,1849,0,0,0,0,0,0,1,0,0,0,0,0,0,0
2017-04-10T23:59:00,48,72,44,11.3,-3.2,55,40,34,0.18,,,,,25,RA,534,1850,0,0,0,0,0,0,1,0,0,0,0,0,0,0
2017-04-11T23:59:00,47,72,43,8.2,-4.3,59,35,29,0.16,,,,,23,RA BR,532,1852,0,0,0,1,0,0,1,0,0,0,0,0,0,0
2017-04-12T23:59:00,53,82,49,10.5,1.6,60,45,27,0.48,,,,,23,RA BR,531,1853,0,0,0,1,0,0,1,0,0,0,0,0,0,0
2017-04-13T23:59:00,48,75,44,8.4,-3.6,53,42,33,0.03,,,,,25,RA BR,529,1854,0,0,0,1,0,0,1,0,0,0,0,0,0,0
2017-04-14T23:59:00,48,74,43,9.1,-3.7,55,40,32,0.09,,,,,25,TS RA BR,527,1855,0,0,0,1,0,0,1,0,0,0,1,0,0,0
2017-04-15T23:59:00,49,67,43,5.8,-2.8,60,38,16,0,,,,,13,,525,1857,0,0,0,0,0,0,0,0,0,0,0,0,0,0
2017-04-16T23:59:00,52,60,46,10.7,0,63,41,35,0.02,,,,,29,RA,523,1858,0,0,0,0,0,0,1,0,0,0,0,0,0,0
2017-04-17T23:59:00,54,81,50,8.1,1.9,59,48,25,0.19,,,,,20,RA,522,1859,0,0,0,0,0,0,1,0,0,0,0,0,0,0
2017-04-18T23:59:00,56,68,50,7.6,3.7,64,48,25,0.05,,,,,18,TS RA,520,1901,0,0,0,0,0,0,1,0,0,0,1,0,0,0
2017-04-19T23:59:00,52,83,48,6.5,-0.4,56,47,23,0.43,,,,,16,RA BR,518,1902,0,0,0,1,0,0,1,0,0,0,0,0,0,0
2017-04-20T23:59:00,52,75,47,7,-0.6,60,43,29,0.09,,,,,22,RA,516,1903,0,0,0,0,0,0,1,0,0,0,0,0,0,0
2017-04-21T23:59:00,54,61,48,8.6,1.2,69,39,32,0,,,,,25,BR,515,1904,0,0,0,1,0,0,0,0,0,0,0,0,0,0
2017-04-22T23:59:00,57,59,50,12.9,4,63,50,41,0.14,,,,,31,RA,513,1906,0,0,0,0,0,0,1,0,0,0,0,0,0,0
2017-04-23T23:59:00,52,80,48,7.7,-1.1,56,47,26,0.27,,,,,20,RA BR,511,1907,0,0,0,1,0,0,1,0,0,0,0,0,0,0
2017-04-24T23:59:00,49,90,47,8.6,-4.3,54,44,22,1.02,,,,,18,RA BR,510,1908,0,0,0,1,0,0,1,0,0,0,0,0,0,0
2017-04-25T23:59:00,50,84,48,7.5,-3.5,54,45,20,0.15,,,,,15,RA BR,508,1910,0,0,0,1,0,0,1,0,0,0,0,0,0,0
2017-04-26T23:59:00,50,78,48,8.7,-3.7,58,42,25,0.21,,,,,20,RA,506,1911,0,0,0,0,0,0,1,0,0,0,0,0,0,0
2017-04-27T23:59:00,49,73,44,6.5,-4.9,56,42,25,0.08,,,,,21,RA,505,1912,0,0,0,0,0,0,1,0,0,0,0,0,0,0
2017-04-28T23:59:00,51,64,45,5.6,-3.2,61,40,16,0,,,,,13,,503,1913,0,0,0,0,0,0,0,0,0,0,0,0,0,0
2017-04-29T23:59:00,52,70,47,5.1,-2.4,64,39,19,0.06,,,,,14,RA,502,1915,0,0,0,0,0,0,1,0,0,0,0,0,0,0
2017-04-30T23:59:00,53,62,47,7.8,-1.6,60,45,19,0.01,,,,,16,RA,500,1916,0,0,0,0,0,0,1,0,0,0,0,0,0,0
2017-05-01T23:59:00,48,81,45,4.6,-6.8,54,41,20,0.01,,,,,17,RA DZ BR,459,1917,0,0,0,1,0,0,1,1,0,0,0,0,0,0
2017-05-02T23:59:00,55,91,54,5.5,0,61,49,11,0.12,,,,,9,RA DZ BR,457,1919,0,0,0,1,0,0,1,1,0,0,0,0,0,0
2017-05-03T23:59:00,69,72,61,5.3,13.7,82,55,15,0,,,,,13,BR,456,1920,0,0,0,1,0,0,0,0,0,0,0,0,0,0
2017-05-04T23:59:00,71,69,62,6.3,15.5,85,57,27,0.04,,,,,23,TS RA BR,454,1921,0,0,0,1,0,0,1,0,0,0,1,0,0,0
2017-05-05T23:59:00,54,72,50,9.5,-1.7,60,47,24,0.15,,,,,18,RA BR,453,1922,0,0,0,1,0,0,1,0,0,0,0,0,0,0
2017-05-06T23:59:00,51,59,45,8.4,-5,61,41,26,0,,,,,21,,451,1924,0,0,0,0,0,0,0,0,0,0,0,0,0,0
2017-05-07T23:59:00,54,58,47,8.2,-2.2,66,42,22,0,,,,,17,,450,1925,0,0,0,0,0,0,0,0,0,0,0,0,0,0
2017-05-08T23:59:00,59,55,49,5.3,2.6,72,46,18,0,,,,,15,,448,1926,0,0,0,0,0,0,0,0,0,0,0,0,0,0
2017-05-09T23:59:00,62,52,51,4.7,5.3,75,48,17,0,,,,,13,,447,1927,0,0,0,0,0,0,0,0,0,0,0,0,0,0
2017-05-10T23:59:00,63,58,54,5.8,6.1,75,50,22,0,,,,,18,,446,1929,0,0,0,0,0,0,0,0,0,0,0,0,0,0
2017-05-11T23:59:00,54,76,50,9,-3.1,61,47,32,0.16,,,,,25,RA,445,1930,0,0,0,0,0,0,1,0,0,0,0,0,0,0
2017-05-12T23:59:00,51,75,46,10.2,-6.4,56,45,33,0.14,,,,,25,RA,443,1931,0,0,0,0,0,0,1,0,0,0,0,0,0,0
2017-05-13T23:59:00,49,84,46,7,-8.6,53,45,18,0.57,,,,,14,TS RA BR,442,1932,0,0,0,1,0,0,1,0,0,0,1,0,0,0
2017-05-14T23:59:00,54,72,48,4.3,-3.8,61,46,17,0.05,,,,,12,RA,441,1933,0,0,0,0,0,0,1,0,0,0,0,0,0,0
2017-05-15T23:59:00,53,75,48,5.1,-5,60,45,22,0.22,,,,,17,RA,440,1935,0,0,0,0,0,0,1,0,0,0,0,0,0,0
2017-05-16T23:59:00,52,78,47,12.9,-6.2,56,47,39,0.3,,,,,32,TS RA BR,439,1936,0,0,0,1,0,0,1,0,0,0,1,0,0,0
2017-05-17T23:59:00,52,81,49,4.6,-6.5,57,47,13,0.16,,,,,10,RA BR,437,1937,0,0,0,1,0,0,1,0,0,0,0,0,0,0
2017-05-18T23:59:00,57,64,51,3.4,-1.7,71,43,11,T,,,,,9,RA,436,1938,0,0,0,0,0,0,1,0,0,0,0,0,0,0
2017-05-19T23:59:00,63,59,55,6.3,4.1,75,51,22,0,,,,,15,,435,1939,0,0,0,0,0,0,0,0,0,0,0,0,0,0
2017-05-20T23:59:00,63,66,55,5.5,3.9,72,54,14,0,,,,,10,,434,1940,0,0,0,0,0,0,0,0,0,0,0,0,0,0
2017-05-21T23:59:00,68,59,59,6,8.8,83,52,19,0,,,,,15,,433,1941,0,0,0,0,0,0,0,0,0,0,0,0,0,0
2017-05-22T23:59:00,74,51,62,6.8,14.6,91,56,16,0,,,,,14,,432,1942,0,0,0,0,0,0,0,0,0,0,0,0,0,0
2017-05-23T23:59:00,68,53,57,9.1,8.4,84,52,35,0,,,,,29,,431,1943,0,0,0,0,0,0,0,0,0,0,0,0,0,0
2017-05-24T23:59:00,58,58,48,8.4,-1.8,66,49,25,0,,,,,21,,431,1944,0,0,0,0,0,0,0,0,0,0,0,0,0,0
2017-05-25T23:59:00,62,59,53,4.5,2,75,49,19,0,,,,,15,,430,1945,0,0,0,0,0,0,0,0,0,0,0,0,0,0
2017-05-26T23:59:00,68,52,57,4.9,7.9,83,52,17,0,,,,,13,,429,1946,0,0,0,0,0,0,0,0,0,0,0,0,0,0
2017-05-27T23:59:00,73,49,59,4,12.7,89,56,14,0,,,,,12,,428,1948,0,0,0,0,0,0,0,0,0,0,0,0,0,0
2017-05-28T23:59:00,70,61,59,6,9.5,85,55,13,0,,,,,12,,427,1948,0,0,0,0,0,0,0,0,0,0,0,0,0,0
2017-05-29T23:59:00,63,74,56,5.2,2.4,72,54,14,0,,,,,12,,427,1949,0,0,0,0,0,0,0,0,0,0,0,0,0,0
2017-05-30T23:59:00,57,84,54,3.4,-3.8,60,54,16,T,,,,,13,DZ BR,426,1950,0,0,0,1,0,0,0,1,0,0,0,0,0,0
2017-05-31T23:59:00,65,63,56,4.1,4.1,75,54,18,T,,,,,16,RA,425,1951,0,0,0,0,0,0,1,0,0,0,0,0,0,0
2017-06-01T23:59:00,66,66,57,8.8,4.9,72,59,22,0.01,,,,,17,RA,425,1952,0,0,0,0,0,0,1,0,0,0,0,0,0,0
2017-06-02T23:59:00,66,57,56,6.2,4.8,75,56,15,0,,,,,12,,424,1953,0,0,0,0,0,0,0,0,0,0,0,0,0,0
2017-06-03T23:59:00,62,62,53,6.8,0.7,67,56,20,0,,,,,15,,424,1954,0,0,0,0,0,0,0,0,0,0,0,0,0,0
2017-06-04T23:59:00,61,54,50,8.5,-0.5,68,53,22,0,,,,,16,,423,1955,0,0,0,0,0,0,0,0,0,0,0,0,0,0
2017-06-05T23:59:00,63,51,53,6.9,1.4,78,48,17,0,,,,,14,,423,1955,0,0,0,0,0,0,0,0,0,0,0,0,0,0
2017-06-06T23:59:00,71,47,57,5.3,9.2,86,56,15,0,,,,,12,,422,1956,0,0,0,0,0,0,0,0,0,0,0,0,0,0
2017-06-07T23:59:00,67,60,58,5.3,5.1,78,55,16,T,,,,,10,RA,422,1957,0,0,0,0,0,0,1,0,0,0,0,0,0,0
2017-06-08T23:59:00,61,71,55,8.5,-1.1,67,55,27,0.29,,,,,21,RA BR,422,1957,0,0,0,1,0,0,1,0,0,0,0,0,0,0
2017-06-09T23:59:00,57,74,51,8.9,-5.2,63,51,33,0.18,,,,,26,RA BR,421,1958,0,0,0,1,0,0,1,0,0,0,0,0,0,0
2017-06-10T23:59:00,56,76,50,5.9,-6.4,62,50,24,0.06,,,,,18,RA BR,421,1959,0,0,0,1,0,0,1,0,0,0,0,0,0,0
2017-06-11T23:59:00,62,66,53,7.4,-0.5,71,52,22,T,,,,,18,RA,421,1959,0,0,0,0,0,0,1,0,0,0,0,0,0,0
2017-06-12T23:59:00,57,74,52,4,-5.7,60,53,19,0.03,,,,,15,RA DZ,421,2000,0,0,0,0,0,0,1,1,0,0,0,0,0,0
2017-06-13T23:59:00,57,72,52,4.2,-5.8,62,52,17,0.02,,,,,15,RA BR,421,2000,0,0,0,1,0,0,1,0,0,0,0,0,0,0
2017-06-14T23:59:00,58,65,52,3.2,-5,66,50,11,T,,,,,9,RA,421,2001,0,0,0,0,0,0,1,0,0,0,0,0,0,0
2017-06-15T23:59:00,59,89,57,9.5,-4.1,63,55,23,0.47,,,,,16,RA BR,421,2001,0,0,0,1,0,0,1,0,0,0,0,0,0,0
2017-06-16T23:59:00,62,80,57,5.6,-1.3,65,58,16,0.02,,,,,12,RA BR,421,2002,0,0,0,1,0,0,1,0,0,0,0,0,0,0
2017-06-17T23:59:00,63,67,56,4.5,-0.5,70,56,14,T,,,,,12,DZ,421,2002,0,0,0,0,0,0,0,1,0,0,0,0,0,0
2017-06-18T23:59:00,69,70,62,7,5.3,79,58,18,0,,,,,15,,421,2002,0,0,0,0,0,0,0,0,0,0,0,0,0,0
2017-06-19T23:59:00,75,67,66,6.8,11.1,88,61,21,0,,,,,16,,421,2003,0,0,0,0,0,0,0,0,0,0,0,0,0,0
2017-06-20T23:59:00,67,65,60,7.3,3,79,55,26,0,,,,,21,,421,2003,0,0,0,0,0,0,0,0,0,0,0,0,0,0
2017-06-21T23:59:00,63,58,54,10.1,-1.2,75,51,24,0,,,,,18,,421,2003,0,0,0,0,0,0,0,0,0,0,0,0,0,0
2017-06-22T23:59:00,68,46,55,9.2,3.6,82,53,23,0,,,,,18,,421,2003,0,0,0,0,0,0,0,0,0,0,0,0,0,0
2017-06-23T23:59:00,75,39,59,7.3,10.4,91,58,21,0,,,,,17,,422,2003,0,0,0,0,0,0,0,0,0,0,0,0,0,0
2017-06-24T23:59:00,79,35,61,8.8,14.2,98,60,26,0,,,,,22,,422,2004,0,0,0,0,0,0,0,0,0,0,0,0,0,0
2017-06-25T23:59:00,82,45,64,6,17,101,63,20,0,,,,,15,,422,2004,0,0,0,0,0,0,0,0,0,0,0,0,0,0
2017-06-26T23:59:00,69,67,59,5.7,3.7,78,59,16,T,,,,,13,TS RA,423,2004,0,0,0,0,0,0,1,0,0,0,1,0,0,0
2017-06-27T23:59:00,67,61,56,5.6,1.5,76,57,17,0,,,,,12,,423,2004,0,0,0,0,0,0,0,0,0,0,0,0,0,0
2017-06-28T23:59:00,65,65,56,5.1,-0.7,73,56,17,0,,,,,12,,424,2004,0,0,0,0,0,0,0,0,0,0,0,0,0,0
2017-06-29T23:59:00,69,61,59,7.7,3.1,82,55,18,0,,,,,15,,424,2004,0,0,0,0,0,0,0,0,0,0,0,0,0,0
2017-06-30T23:59:00,73,65,62,5.8,6.9,87,59,16,0,,,,,14,,425,2003,0,0,0,0,0,0,0,0,0,0,0,0,0,0
2017-07-01T23:59:00,67,69,58,4.7,0.6,76,57,15,0,,,,,12,,425,2003,0,0,0,0,0,0,0,0,0,0,0,0,0,0
2017-07-02T23:59:00,69,65,59,7.6,2.4,83,54,21,0,,,,,16,,426,2003,0,0,0,0,0,0,0,0,0,0,0,0,0,0
2017-07-03T23:59:00,68,60,57,9.4,1.2,78,58,22,0,,,,,17,,426,2003,0,0,0,0,0,0,0,0,0,0,0,0,0,0
2017-07-04T23:59:00,70,58,59,6.2,3,84,55,17,0,,,,,14,,427,2002,0,0,0,0,0,0,0,0,0,0,0,0,0,0
2017-07-05T23:59:00,75,54,62,6.2,7.8,91,58,18,0,,,,,15,,428,2002,0,0,0,0,0,0,0,0,0,0,0,0,0,0
2017-07-06T23:59:00,73,57,61,6,5.5,89,57,15,0,,,,,13,,428,2002,0,0,0,0,0,0,0,0,0,0,0,0,0,0
2017-07-07T23:59:00,64,67,57,6.6,-3.7,72,56,19,0,,,,,15,,429,2001,0,0,0,0,0,0,0,0,0,0,0,0,0,0
2017-07-08T23:59:00,71,60,60,7,3.1,87,54,22,0,,,,,17,,430,2001,0,0,0,0,0,0,0,0,0,0,0,0,0,0
2017-07-09T23:59:00,71,59,61,7.9,2.9,84,58,24,0,,,,,16,,431,2000,0,0,0,0,0,0,0,0,0,0,0,0,0,0
2017-07-10T23:59:00,68,55,56,8.5,-0.3,78,57,22,0,,,,,16,,431,2000,0,0,0,0,0,0,0,0,0,0,0,0,0,0
2017-07-11T23:59:00,67,58,56,6.6,-1.5,79,54,18,0,,,,,14,,432,1959,0,0,0,0,0,0,0,0,0,0,0,0,0,0
2017-07-12T23:59:00,69,59,59,7,0.3,82,55,16,0,,,,,13,,433,1959,0,0,0,0,0,0,0,0,0,0,0,0,0,0
2017-07-13T23:59:00,67,62,58,5,-1.9,76,58,18,0,,,,,15,,434,1958,0,0,0,0,0,0,0,0,0,0,0,0,0,0
2017-07-14T23:59:00,71,53,59,6.8,1.9,86,56,18,0,,,,,14,,435,1957,0,0,0,0,0,0,0,0,0,0,0,0,0,0
2017-07-15T23:59:00,69,57,58,8.7,-0.2,80,57,25,0,,,,,21,,436,1957,0,0,0,0,0,0,0,0,0,0,0,0,0,0
2017-07-16T23:59:00,65,58,56,9.4,-4.4,74,56,26,0,,,,,20,,437,1956,0,0,0,0,0,0,0,0,0,0,0,0,0,0
2017-07-17T23:59:00,68,56,58,6.9,-1.5,81,55,21,0,,,,,17,,438,1955,0,0,0,0,0,0,0,0,0,0,0,0,0,0
2017-07-18T23:59:00,71,53,58,7,1.3,84,57,22,0,,,,,15,,439,1954,0,0,0,0,0,0,0,0,0,0,0,0,0,0
2017-07-19T23:59:00,69,54,58,4.9,-0.8,82,56,20,0,,,,,15,,440,1953,0,0,0,0,0,0,0,0,0,0,0,0,0,0
2017-07-20T23:59:00,68,64,59,6.7,-1.9,75,60,18,T,,,,,14,RA,441,1952,0,0,0,0,0,0,1,0,0,0,0,0,0,0
2017-07-21T23:59:00,70,59,60,4.9,-0.1,82,57,13,0,,,,,10,,442,1951,0,0,0,0,0,0,0,0,0,0,0,0,0,0
2017-07-22T23:59:00,76,60,66,7.3,5.8,90,62,24,0,,,,,18,,443,1950,0,0,0,0,0,0,0,0,0,0,0,0,0,0
2017-07-23T23:59:00,73,66,64,10.1,2.7,83,62,26,0,,,,,23,,444,1949,0,0,0,0,0,0,0,0,0,0,0,0,0,0
2017-07-24T23:59:00,73,56,62,8.9,2.7,88,58,28,0,,,,,22,,445,1948,0,0,0,0,0,0,0,0,0,0,0,0,0,0
2017-07-25T23:59:00,75,55,63,6.2,4.6,89,60,23,0,,,,,17,,446,1947,0,0,0,0,0,0,0,0,0,0,0,0,0,0
2017-07-26T23:59:00,72,62,62,6.9,1.5,86,58,21,0,,,,,15,,447,1946,0,0,0,0,0,0,0,0,0,0,0,0,0,0
2017-07-27T23:59:00,69,65,59,7.2,-1.5,78,59,19,0,,,,,16,,448,1945,0,0,0,0,0,0,0,0,0,0,0,0,0,0
2017-07-28T23:59:00,69,63,59,7.9,-1.6,82,56,20,0,,,,,16,,449,1944,0,0,0,0,0,0,0,0,0,0,0,0,0,0
2017-07-29T23:59:00,71,55,60,8.6,0.4,86,56,21,0,,,,,16,,450,1943,0,0,0,0,0,0,0,0,0,0,0,0,0,0
2017-07-30T23:59:00,75,59,63,8.3,4.4,88,61,23,0,,,,,18,,452,1941,0,0,0,0,0,0,0,0,0,0,0,0,0,0
2017-07-31T23:59:00,75,47,61,8.1,4.4,91,59,28,0,,,,,22,,453,1940,0,0,0,0,0,0,0,0,0,0,0,0,0,0
2017-08-01T23:59:00,80,43,64,6.2,9.4,97,62,24,0,,,,,20,,454,1939,0,0,0,0,0,0,0,0,0,0,0,0,0,0
2017-08-02T23:59:00,84,45,67,6,13.4,103,65,19,0,,,,,15,HZ,455,1938,0,0,0,0,0,0,0,0,0,0,0,0,0,1
2017-08-03T23:59:00,86,47,68,3.9,15.4,105,66,14,0,,,,,12,HZ,456,1936,0,0,0,0,0,0,0,0,0,0,0,0,0,1
2017-08-04T23:59:00,80,54,66,4.5,9.4,96,64,18,0,,,,,16,HZ,457,1935,0,0,0,0,0,0,0,0,0,0,0,0,0,1
2017-08-05T23:59:00,74,58,62,4.8,3.5,89,59,14,0,,,,,12,,459,1934,0,0,0,0,0,0,0,0,0,0,0,0,0,0
2017-08-06T23:59:00,75,67,65,5.7,4.5,88,61,16,0,,,,,13,,500,1932,0,0,0,0,0,0,0,0,0,0,0,0,0,0
2017-08-07T23:59:00,76,68,66,6.2,5.5,89,62,16,0,,,,,13,HZ,501,1931,0,0,0,0,0,0,0,0,0,0,0,0,0,1
2017-08-08T23:59:00,77,67,66,4.9,6.6,92,61,15,0,,,,,13,BR HZ,502,1929,0,0,0,1,0,0,0,0,0,0,0,0,0,1
2017-08-09T23:59:00,79,63,67,5.6,8.6,94,63,15,0,,,,,13,HZ,503,1928,0,0,0,0,0,0,0,0,0,0,0,0,0,1
2017-08-10T23:59:00,76,66,66,5.4,5.7,90,62,14,0,,,,,12,HZ,505,1926,0,0,0,0,0,0,0,0,0,0,0,0,0,1
2017-08-11T23:59:00,74,65,63,4.8,3.8,85,62,15,0,,,,,12,,506,1925,0,0,0,0,0,0,0,0,0,0,0,0,0,0
2017-08-12T23:59:00,70,69,61,5,-0.1,80,60,16,T,,,,,13,,507,1923,0,0,0,0,0,0,0,0,0,0,0,0,0,0
2017-08-13T23:59:00,67,74,60,7.8,-3.1,75,58,24,0.06,,,,,20,RA DZ,508,1922,0,0,0,0,0,0,1,1,0,0,0,0,0,0
2017-08-14T23:59:00,64,66,56,5.1,-6,75,52,15,0,,,,,13,,509,1920,0,0,0,0,0,0,0,0,0,0,0,0,0,0
2017-08-15T23:59:00,69,59,59,5.9,-0.9,83,55,21,0,,,,,16,,511,1918,0,0,0,0,0,0,0,0,0,0,0,0,0,0
2017-08-16T23:59:00,71,58,60,6.9,1.2,84,58,20,0,,,,,14,,512,1917,0,0,0,0,0,0,0,0,0,0,0,0,0,0
2017-08-17T23:59:00,71,62,60,6.8,1.3,80,62,16,0,,,,,13,,513,1915,0,0,0,0,0,0,0,0,0,0,0,0,0,0
2017-08-18T23:59:00,69,66,60,6.9,-0.6,81,57,23,0,,,,,17,,514,1913,0,0,0,0,0,0,0,0,0,0,0,0,0,0
2017-08-19T23:59:00,69,59,59,10.5,-0.5,79,59,23,0,,,,,18,,516,1912,0,0,0,0,0,0,0,0,0,0,0,0,0,0
2017-08-20T23:59:00,69,63,59,7,-0.4,81,56,22,0,,,,,16,,517,1910,0,0,0,0,0,0,0,0,0,0,0,0,0,0
2017-08-21T23:59:00,75,59,63,7.1,5.7,91,59,20,0,,,,,17,,518,1908,0,0,0,0,0,0,0,0,0,0,0,0,0,0
2017-08-22T23:59:00,75,61,64,4.4,5.8,88,61,14,0,,,,,12,,519,1907,0,0,0,0,0,0,0,0,0,0,0,0,0,0
2017-08-23T23:59:00,72,70,62,5.4,2.9,83,61,21,T,,,,,16,,520,1905,0,0,0,0,0,0,0,0,0,0,0,0,0,0
2017-08-24T23:59:00,68,56,57,10.8,-0.9,75,61,23,0,,,,,18,,522,1903,0,0,0,0,0,0,0,0,0,0,0,0,0,0
2017-08-25T23:59:00,69,58,58,6.7,0.2,81,56,26,0,,,,,16,,523,1901,0,0,0,0,0,0,0,0,0,0,0,0,0,0
2017-08-26T23:59:00,74,48,60,6.5,5.3,91,57,21,0,,,,,16,,524,1859,0,0,0,0,0,0,0,0,0,0,0,0,0,0
2017-08-27T23:59:00,77,48,62,3,8.4,95,58,12,0,,,,,9,,525,1858,0,0,0,0,0,0,0,0,0,0,0,0,0,0
2017-08-28T23:59:00,80,53,65,1.9,11.6,98,62,9,0,,,,,8,,527,1856,0,0,0,0,0,0,0,0,0,0,0,0,0,0
2017-08-29T23:59:00,75,61,63,4.8,6.7,88,62,16,0,,,,,14,HZ,528,1854,0,0,0,0,0,0,0,0,0,0,0,0,0,1
2017-08-30T23:59:00,70,69,61,4.3,1.8,80,60,17,0,,,,,12,,529,1852,0,0,0,0,0,0,0,0,0,0,0,0,0,0
2017-08-31T23:59:00,74,60,62,6.3,6,83,64,17,0,,,,,14,,530,1850,0,0,0,0,0,0,0,0,0,0,0,0,0,0
2017-09-01T23:59:00,76,53,62,5.2,8.1,92,59,21,0,,,,,17,,531,1849,0,0,0,0,0,0,0,0,0,0,0,0,0,0
2017-09-02T23:59:00,79,45,63,4.4,11.3,98,60,18,0,,,,,15,,533,1847,0,0,0,0,0,0,0,0,0,0,0,0,0,0
2017-09-03T23:59:00,79,55,66,2.8,11.4,95,63,11,0,,,,,8,HZ,534,1845,0,0,0,0,0,0,0,0,0,0,0,0,0,1
2017-09-04T23:59:00,77,56,67,2.5,9.6,91,62,11,0,,,,,9,HZ,535,1843,0,0,0,0,0,0,0,0,0,0,0,0,0,1
2017-09-05T23:59:00,79,61,68,3.1,11.8,91,66,11,0,,,,,10,HZ,536,1841,0,0,0,0,0,0,0,0,0,0,0,0,0,1
2017-09-06T23:59:00,74,66,66,5.5,6.9,82,65,16,0,,,,,14,HZ,538,1839,0,0,0,0,0,0,0,0,0,0,0,0,0,1
2017-09-07T23:59:00,75,67,65,5.8,8.1,83,66,21,0,,,,,17,HZ,539,1837,0,0,0,0,0,0,0,0,0,0,0,0,0,1
2017-09-08T23:59:00,71,70,63,3.9,4.3,76,65,13,0,,,,,10,,540,1835,0,0,0,0,0,0,0,0,0,0,0,0,0,0
2017-09-09T23:59:00,72,69,61,5.5,5.5,80,63,23,0.15,,,,,18,RA BR,541,1833,0,0,0,1,0,0,1,0,0,0,0,0,0,0
2017-09-10T23:59:00,68,63,59,7,1.7,77,58,17,0,,,,,14,,542,1831,0,0,0,0,0,0,0,0,0,0,0,0,0,0
2017-09-11T23:59:00,74,53,60,7.1,7.9,91,56,24,0,,,,,17,,544,1830,0,0,0,0,0,0,0,0,0,0,0,0,0,0
2017-09-12T23:59:00,73,55,60,6.4,7.2,86,59,23,0,,,,,17,,545,1828,0,0,0,0,0,0,0,0,0,0,0,0,0,0
2017-09-13T23:59:00,64,60,55,5.3,-1.6,75,52,21,0,,,,,13,,546,1826,0,0,0,0,0,0,0,0,0,0,0,0,0,0
2017-09-14T23:59:00,65,60,56,4.8,-0.4,74,56,16,0,,,,,13,,547,1824,0,0,0,0,0,0,0,0,0,0,0,0,0,0
2017-09-15T23:59:00,65,54,54,2.4,-0.1,80,49,14,0,,,,,9,HZ,549,1822,0,0,0,0,0,0,0,0,0,0,0,0,0,1
2017-09-16T23:59:00,66,59,56,3.6,1.1,77,54,13,0,,,,,10,HZ,550,1820,0,0,0,0,0,0,0,0,0,0,0,0,0,1
2017-09-17T23:59:00,60,76,56,8.6,-4.6,65,54,30,0.09,,,,,23,RA DZ BR,551,1818,0,0,0,1,0,0,1,1,0,0,0,0,0,0
2017-09-18T23:59:00,57,86,53,8.2,-7.3,61,53,29,0.49,,,,,22,RA BR,552,1816,0,0,0,1,0,0,1,0,0,0,0,0,0,0
2017-09-19T23:59:00,58,81,53,12,-6.1,65,51,29,0.31,,,,,23,RA BR,554,1814,0,0,0,1,0,0,1,0,0,0,0,0,0,0
2017-09-20T23:59:00,55,90,51,7.8,-8.8,61,49,28,1.09,,,,,21,TS RA BR,555,1812,0,0,0,1,0,0,1,0,0,0,1,0,0,0
2017-09-21T23:59:00,56,81,51,4,-7.5,63,48,12,0.02,,,,,9,RA,556,1810,0,0,0,0,0,0,1,0,0,0,0,0,0,0
2017-09-22T23:59:00,58,78,52,2.8,-5.2,68,47,12,0,,,,,10,,557,1808,0,0,0,0,0,0,0,0,0,0,0,0,0,0
2017-09-23T23:59:00,61,71,54,3.3,-1.9,71,51,11,0,,,,,9,,558,1806,0,0,0,0,0,0,0,0,0,0,0,0,0,0
2017-09-24T23:59:00,60,72,54,2,-2.5,73,46,12,0,,,,,9,,600,1804,0,0,0,0,0,0,0,0,0,0,0,0,0,0
2017-09-25T23:59:00,62,76,58,2.4,-0.2,69,55,11,T,,,,,8,RA,601,1802,0,0,0,0,0,0,1,0,0,0,0,0,0,0
2017-09-26T23:59:00,68,73,60,6.1,6.1,80,55,15,0,,,,,13,,602,1800,0,0,0,0,0,0,0,0,0,0,0,0,0,0
2017-09-27T23:59:00,71,57,60,8,9.4,86,56,27,0,,,,,22,,603,1759,0,0,0,0,0,0,0,0,0,0,0,0,0,0
2017-09-28T23:59:00,70,59,60,5.3,8.8,86,54,16,0,,,,,13,,605,1757,0,0,0,0,0,0,0,0,0,0,0,0,0,0
2017-09-29T23:59:00,57,85,56,4.8,-3.9,64,50,18,0.2,,,,,14,RA BR,606,1755,0,0,0,1,0,0,1,0,0,0,0,0,0,0
2017-09-30T23:59:00,56,78,53,4.2,-4.5,65,47,25,0.03,,,,,18,RA,607,1753,0,0,0,0,0,0,1,0,0,0,0,0,0,0
2017-10-01T23:59:00,57,77,52,4.5,-3.2,65,49,21,0.01,,0,,,16,RA,608,1751,0,0,0,0,0,0,1,0,0,0,0,0,0,0
2017-10-02T23:59:00,57,75,51,4.3,-2.8,65,49,23,0.02,,0,,,15,RA,610,1749,0,0,0,0,0,0,1,0,0,0,0,0,0,0
2017-10-03T23:59:00,58,59,49,5.4,-1.5,71,44,29,0,,0,,,22,,611,1747,0,0,0,0,0,0,0,0,0,0,0,0,0,0
2017-10-04T23:59:00,57,67,49,4.4,-2.1,71,42,14,0,,0,,,13,MIFG FG,612,1745,0,0,0,0,0,0,0,0,1,1,0,0,0,0
2017-10-05T23:59:00,59,66,50,3.8,0.2,74,43,13,0,,0,,,10,MIFG FG,614,1743,0,0,0,0,0,0,0,0,1,1,0,0,0,0
2017-10-06T23:59:00,58,59,50,4.5,-0.4,73,43,19,0,,0,,,15,,615,1741,0,0,0,0,0,0,0,0,0,0,0,0,0,0
2017-10-07T23:59:00,59,69,52,7.6,0.9,65,52,25,0.01,,0,,,20,RA,616,1740,0,0,0,0,0,0,1,0,0,0,0,0,0,0
2017-10-08T23:59:00,55,75,50,2.3,-2.7,64,45,11,0.02,,0,,,8,RA BR,617,1738,0,0,0,1,0,0,1,0,0,0,0,0,0,0
2017-10-09T23:59:00,53,74,48,4.1,-4.4,67,39,13,0,,0,,,10,BR,619,1736,0,0,0,1,0,0,0,0,0,0,0,0,0,0
2017-10-10T23:59:00,50,86,48,3.2,-7,57,43,15,0.01,,0,,,13,RA BR,620,1734,0,0,0,1,0,0,1,0,0,0,0,0,0,0
2017-10-11T23:59:00,51,88,47,4.7,-5.7,57,45,15,0.16,,0,,,13,RA BR,621,1732,0,0,0,1,0,0,1,0,0,0,0,0,0,0
2017-10-12T23:59:00,51,89,48,8.4,-5.3,56,46,25,0.5,,0,,,20,TS RA DZ BR,623,1730,0,0,0,1,0,0,1,1,0,0,1,0,0,0
2017-10-13T23:59:00,50,80,46,4.6,-6,59,40,23,T,,0,,,17,TS,624,1729,0,0,0,0,0,0,0,0,0,0,1,0,0,0
2017-10-14T23:59:00,48,82,44,2.8,-7.7,59,36,12,0,,0,,,9,BR,625,1727,0,0,0,1,0,0,0,0,0,0,0,0,0,0
2017-10-15T23:59:00,53,75,47,1.7,-2.4,67,38,8,0,,0,,,7,FG,627,1725,0,0,0,0,0,0,0,0,1,0,0,0,0,0
2017-10-16T23:59:00,53,80,48,1.8,-2,67,39,7,0,,0,,,6,FG MIFG BR,628,1723,0,0,0,1,0,0,0,0,1,1,0,0,0,0
2017-10-17T23:59:00,50,93,49,3.3,-4.7,58,42,15,0.04,,0,,,13,RA DZ FG BR,629,1721,0,0,0,1,0,0,1,1,1,0,0,0,0,0
2017-10-18T23:59:00,57,83,54,9.5,2.6,64,49,33,0.09,,0,,,24,RA BR,631,1720,0,0,0,1,0,0,1,0,0,0,0,0,0,0
2017-10-19T23:59:00,55,92,52,10.8,0.9,59,50,27,0.99,,0,,,21,RA BR,632,1718,0,0,0,1,0,0,1,0,0,0,0,0,0,0
2017-10-20T23:59:00,51,85,48,11.1,-2.8,54,48,28,0.11,,0,,,23,RA,633,1716,0,0,0,0,0,0,1,0,0,0,0,0,0,0
2017-10-21T23:59:00,54,95,52,15.5,0.5,61,47,37,2.13,,0,,,26,RA BR,635,1715,0,0,0,1,0,0,1,0,0,0,0,0,0,0
2017-10-22T23:59:00,54,89,55,7.5,0.8,61,47,33,0.47,,0,,,25,RA FG BR,636,1713,0,0,0,1,0,0,1,0,1,0,0,0,0,0
2017-10-23T23:59:00,56,89,52,2.7,3.1,64,48,13,0,,0,,,10,FG BR,637,1711,0,0,0,1,0,0,0,0,1,0,0,0,0,0
2017-10-24T23:59:00,57,79,51,3.4,4.4,70,44,10,0,,0,,,9,FG MIFG BR,639,1710,0,0,0,1,0,0,0,0,1,1,0,0,0,0
2017-10-25T23:59:00,53,89,51,4.4,0.6,62,43,15,T,,0,,,12,DZ FG BR,640,1708,0,0,0,1,0,0,0,1,1,0,0,0,0,0
2017-10-26T23:59:00,61,71,52,9.2,8.9,71,51,30,0.01,,0,,,25,DZ BR,642,1707,0,0,0,1,0,0,0,1,0,0,0,0,0,0
2017-10-27T23:59:00,60,63,51,8.6,8.2,73,46,30,0,,0,,,25,,643,1705,0,0,0,0,0,0,0,0,0,0,0,0,0,0
2017-10-28T23:59:00,57,72,50,3.1,5.4,71,42,9,0,,0,,,8,MIFG BR FG,644,1703,0,0,0,1,0,0,0,0,1,1,0,0,0,0
2017-10-29T23:59:00,54,90,50,4.2,2.7,59,49,12,T,,0,,,9,DZ BR,646,1702,0,0,0,1,0,0,0,1,0,0,0,0,0,0
2017-10-30T23:59:00,52,34,44,17.3,0.9,63,41,38,0,,0,,,29,,647,1700,0,0,0,0,0,0,0,0,0,0,0,0,0,0
2017-10-31T23:59:00,49,68,43,3,-1.8,62,35,9,0,,0,,,8,,649,1659,0,0,0,0,0,0,0,0,0,0,0,0,0,0